latitude,longitude,brightness,scan,track,acq_date,acq_time,satellite,confidence,version,bright_t31,frp,daynight
-23.935,-49.154,312,1,1,2018-02-15,0200,T,84,6.0NRT,286.4,13,N
1.051,-60.182,317.3,1.9,1.3,2018-02-15,0205,T,95,6.0NRT,288.9,36.3,N
1.058,-60.171,307.9,1.9,1.3,2018-02-15,0205,T,73,6.0NRT,289.3,17.2,N
1.055,-60.188,311.3,1.9,1.3,2018-02-15,0205,T,82,6.0NRT,288.7,23.5,N
1.236,-60.084,321.5,1.9,1.3,2018-02-15,0205,T,100,6.0NRT,290,44.4,N
1.234,-60.101,313.9,1.9,1.3,2018-02-15,0205,T,88,6.0NRT,289.3,27.4,N
-38.579,-62.635,307.1,1.9,1.3,2018-02-15,0335,T,70,6.0NRT,293.7,17.5,N
-38.114,-61.956,311.5,2.1,1.4,2018-02-15,0335,T,83,6.0NRT,291.7,29.9,N
-38.12,-61.98,316.3,2.1,1.4,2018-02-15,0335,T,93,6.0NRT,292.4,40.6,N
-38.096,-61.933,305.1,2.1,1.4,2018-02-15,0335,T,63,6.0NRT,291.5,19.2,N
-38.102,-61.96,366.3,2.1,1.4,2018-02-15,0335,T,100,6.0NRT,296.8,311.1,N
-38.107,-61.984,331.3,2.1,1.4,2018-02-15,0335,T,100,6.0NRT,294.1,88.1,N
-38.089,-61.963,327.7,2.1,1.4,2018-02-15,0335,T,100,6.0NRT,292,73.2,N
-38.095,-61.989,339.5,2.1,1.4,2018-02-15,0335,T,100,6.0NRT,293.8,121.8,N
-38.099,-62.01,320,2.1,1.4,2018-02-15,0335,T,99,6.0NRT,293.6,47.8,N
-38.082,-61.993,334.6,2.1,1.4,2018-02-15,0335,T,100,6.0NRT,293.1,99.6,N
-38.098,-61.938,322.4,2.1,1.4,2018-02-15,0335,T,100,6.0NRT,292.3,58.2,N
-38.103,-61.965,358,2.1,1.4,2018-02-15,0335,T,100,6.0NRT,296.7,237.4,N
-38.108,-61.988,323.4,2.1,1.4,2018-02-15,0335,T,98,6.0NRT,293.6,56.3,N
-38.091,-61.969,337.2,2.1,1.4,2018-02-15,0335,T,100,6.0NRT,292.7,110.5,N
-38.096,-61.993,337.6,2.1,1.4,2018-02-15,0335,T,100,6.0NRT,294.2,112.2,N
-38.084,-61.998,328.5,2.1,1.4,2018-02-15,0335,T,100,6.0NRT,292.8,77.4,N
-38.071,-62.001,318.3,2.1,1.4,2018-02-15,0335,T,97,6.0NRT,292.2,45.6,N
-38.415,-73.075,308.8,1.2,1.1,2018-02-15,0335,T,76,6.0NRT,288.5,12.9,N
-38.165,-72.434,350.8,1.1,1,2018-02-15,0335,T,100,6.0NRT,289.2,75.4,N
-38.167,-72.446,325.1,1.1,1,2018-02-15,0335,T,100,6.0NRT,285.4,28.5,N
-38.154,-72.422,310.4,1.1,1,2018-02-15,0335,T,72,6.0NRT,288,12.3,N
-38.155,-72.435,331.2,1.1,1,2018-02-15,0335,T,100,6.0NRT,288.7,36.3,N
-38.143,-72.412,303.4,1.1,1,2018-02-15,0335,T,55,6.0NRT,287.5,8,N
-38.144,-72.424,301.1,1.1,1,2018-02-15,0335,T,37,6.0NRT,287.1,6.4,N
-38.23,-73.402,301.2,1.2,1.1,2018-02-15,0335,T,39,6.0NRT,287.5,8,N
-38.232,-73.416,303.8,1.2,1.1,2018-02-15,0335,T,57,6.0NRT,286.7,10,N
-38.031,-72.097,303,1.1,1,2018-02-15,0335,T,53,6.0NRT,287.7,7.4,N
-38.079,-72.482,305.8,1.1,1,2018-02-15,0335,T,66,6.0NRT,289.3,9.2,N
-38.069,-72.472,301.6,1.1,1,2018-02-15,0335,T,33,6.0NRT,287.6,6.3,N
-37.996,-72.544,300.5,1.1,1,2018-02-15,0335,T,28,6.0NRT,288.8,5.9,N
-37.997,-72.557,306.4,1.1,1,2018-02-15,0335,T,68,6.0NRT,288.6,9.8,N
-37.934,-72.518,335.7,1.1,1,2018-02-15,0335,T,100,6.0NRT,290.8,43.7,N
-37.936,-72.53,337.4,1.1,1,2018-02-15,0335,T,100,6.0NRT,291.2,46.7,N
-34.104,-70.453,305.7,1,1,2018-02-15,0335,T,65,6.0NRT,288,8.6,N
-34.105,-70.463,303.1,1,1,2018-02-15,0335,T,53,6.0NRT,288.1,6.9,N
4.792,-71.937,301.3,3.1,1.7,2018-02-15,0345,T,40,6.0NRT,285.9,20.7,N
8.668,-82.432,312.7,1.1,1,2018-02-15,0345,T,86,6.0NRT,291.3,11.8,N
8.666,-82.442,320.6,1.1,1,2018-02-15,0345,T,100,6.0NRT,291.1,19.4,N
10.184,-72.404,304.1,3.4,1.7,2018-02-15,0345,T,59,6.0NRT,289.8,27.9,N
9.116,-83.333,324.3,1.1,1.1,2018-02-15,0345,T,100,6.0NRT,292,26.8,N
9.927,-85.06,306.8,1.4,1.2,2018-02-15,0345,T,69,6.0NRT,294.1,10.2,N
10.45,-85.182,328.5,1.4,1.2,2018-02-15,0350,T,100,6.0NRT,295.4,41.8,N
10.46,-85.184,306.2,1.4,1.2,2018-02-15,0350,T,67,6.0NRT,294.7,8.7,N
12.927,-86.896,303.4,1.7,1.3,2018-02-15,0350,T,55,6.0NRT,293.4,7.1,N
12.925,-86.902,307,1.7,1.3,2018-02-15,0350,T,70,6.0NRT,293.3,11.4,N
12.928,-87.573,303.9,1.9,1.3,2018-02-15,0350,T,58,6.0NRT,292.7,11,N
-22.316,-68.889,322.2,1.7,1.3,2018-02-15,0340,T,100,6.0NRT,281.3,50.1,N
-21.576,-58.676,301.9,1.1,1,2018-02-15,0510,A,45,6.0NRT,290.1,5.2,N
-29.681,-61.504,321.9,1.1,1.1,2018-02-15,0510,A,100,6.0NRT,290,25.9,N
-29.599,-62.28,308.2,1.2,1.1,2018-02-15,0510,A,74,6.0NRT,289.6,12.4,N
-30.901,-62.059,302.6,1.2,1.1,2018-02-15,0510,A,50,6.0NRT,288,8.1,N
-34.251,-58.904,309.8,1,1,2018-02-15,0510,A,78,6.0NRT,288,12,N
-34.252,-58.892,334.4,1,1,2018-02-15,0510,A,100,6.0NRT,287.5,38.7,N
-34.784,-58.051,306.8,1.1,1,2018-02-15,0510,A,69,6.0NRT,292.8,8.5,N
-38.071,-61.993,325,1,1,2018-02-15,0515,A,100,6.0NRT,292.8,22.4,N
-38.072,-61.981,312.5,1,1,2018-02-15,0515,A,25,6.0NRT,291.9,10.6,N
-38.083,-61.972,318.8,1,1,2018-02-15,0515,A,74,6.0NRT,290.8,15.8,N
-38.085,-61.961,328.1,1,1,2018-02-15,0515,A,100,6.0NRT,292.5,25.7,N
-38.087,-62.009,304.3,1,1,2018-02-15,0515,A,33,6.0NRT,291.3,4.9,N
-38.089,-61.997,365.7,1,1,2018-02-15,0515,A,100,6.0NRT,296.1,102.4,N
-38.09,-61.986,320.8,1,1,2018-02-15,0515,A,78,6.0NRT,292.4,16.5,N
-38.094,-61.963,354.1,1,1,2018-02-15,0515,A,100,6.0NRT,295.8,70.7,N
-38.096,-61.951,321.9,1,1,2018-02-15,0515,A,100,6.0NRT,293.1,19.2,N
-38.103,-61.965,324,1,1,2018-02-15,0515,A,100,6.0NRT,292.8,20.2,N
-38.105,-61.954,365.1,1,1,2018-02-15,0515,A,100,6.0NRT,296.9,100.9,N
-38.106,-61.942,317.4,1,1,2018-02-15,0515,A,95,6.0NRT,292.5,15.7,N
-38.11,-61.978,327.2,1,1,2018-02-15,0515,A,100,6.0NRT,293.4,24.1,N
-38.112,-61.967,340.1,1,1,2018-02-15,0515,A,100,6.0NRT,294.6,42.6,N
-38.114,-61.956,326.3,1,1,2018-02-15,0515,A,100,6.0NRT,292.7,23.9,N
-38.121,-61.969,311,1,1,2018-02-15,0515,A,77,6.0NRT,291.9,9.5,N
-38.123,-61.958,311.5,1,1,2018-02-15,0515,A,83,6.0NRT,291,10.5,N
-38.158,-72.412,300.3,3.2,1.7,2018-02-15,0515,A,24,6.0NRT,285.6,31.6,N
-38.167,-72.425,302.4,3.2,1.7,2018-02-15,0515,A,49,6.0NRT,284.4,40.4,N
11.636,-70.225,308.9,1.5,1.2,2018-02-15,0640,A,68,6.0NRT,289.9,13.9,N
10.756,-71.531,320.4,1.3,1.1,2018-02-15,0640,A,100,6.0NRT,293.1,23.8,N
10.754,-71.519,311,1.3,1.1,2018-02-15,0640,A,81,6.0NRT,292.5,12.9,N
10.841,-73.261,304.2,1,1,2018-02-15,0640,A,59,6.0NRT,288.3,8,N
10.182,-72.39,303.4,1.1,1.1,2018-02-15,0640,A,34,6.0NRT,290.4,7.1,N
10.132,-72.603,304.4,1.1,1.1,2018-02-15,0640,A,60,6.0NRT,288,9.8,N
10.107,-73.713,306.4,1,1,2018-02-15,0640,A,68,6.0NRT,292.7,6.9,N
8.847,-68.172,308.3,2.4,1.5,2018-02-15,0640,A,60,6.0NRT,288.9,31.2,N
8.835,-68.159,305.5,2.4,1.5,2018-02-15,0640,A,20,6.0NRT,289.2,22.7,N
8.668,-82.425,311.6,2.6,1.6,2018-02-15,0640,A,83,6.0NRT,290.8,43.3,N
6.495,-68.092,308.9,2.7,1.6,2018-02-15,0640,A,33,6.0NRT,283.7,37,N
6.504,-68.096,313.5,2.7,1.6,2018-02-15,0640,A,75,6.0NRT,285.2,52.4,N
6.49,-68.098,303.5,2.7,1.6,2018-02-15,0640,A,28,6.0NRT,283.8,24.7,N
6.48,-68.124,305.3,2.6,1.6,2018-02-15,0640,A,45,6.0NRT,285.5,31.7,N
3.823,-71.472,302.2,1.6,1.2,2018-02-15,0640,A,22,6.0NRT,284.8,10.9,N
3.822,-71.465,300.7,1.6,1.3,2018-02-15,0640,A,19,6.0NRT,285.2,9.7,N
-11.871,-38.446,311.4,1,1,2018-02-15,1250,T,35,6.0NRT,284.5,5.8,D
-11.872,-38.436,318.2,1,1,2018-02-15,1250,T,69,6.0NRT,283.7,11.2,D
-20.24,-40.238,320.6,1,1,2018-02-15,1255,T,49,6.0NRT,302.8,8.9,D
8.564,-67.221,317.7,3.7,1.8,2018-02-15,1425,T,65,6.0NRT,291.1,37.4,D
8.56,-67.188,343.7,3.7,1.8,2018-02-15,1425,T,92,6.0NRT,292.2,262.9,D
8.548,-67.223,317.1,3.7,1.8,2018-02-15,1425,T,55,6.0NRT,290.8,33.8,D
6.385,-69.022,316.4,4.7,2,2018-02-15,1425,T,66,6.0NRT,291.3,64,D
6.38,-68.98,313.7,4.7,2,2018-02-15,1425,T,50,6.0NRT,290.9,44.4,D
6.386,-69.027,314.9,4.7,2,2018-02-15,1425,T,62,6.0NRT,291.3,52.9,D
6.38,-68.985,314.9,4.7,2,2018-02-15,1425,T,62,6.0NRT,291,54.4,D
2.203,-59.659,323.9,1,1,2018-02-15,1425,T,74,6.0NRT,288.2,14,D
1.619,-60.633,319.3,1,1,2018-02-15,1425,T,65,6.0NRT,298.6,10.1,D
1.235,-60.094,320,1,1,2018-02-15,1425,T,72,6.0NRT,299.3,10,D
1.223,-60.573,341.8,1,1,2018-02-15,1425,T,91,6.0NRT,298.9,38.7,D
1.222,-60.564,339.7,1,1,2018-02-15,1425,T,89,6.0NRT,296.7,36,D
1.209,-60.603,326.7,1,1,2018-02-15,1425,T,68,6.0NRT,295.7,16.3,D
0.846,-59.583,316.7,1,1,2018-02-15,1425,T,34,6.0NRT,296.7,6.3,D
0.837,-59.584,316,1,1,2018-02-15,1425,T,32,6.0NRT,296.6,6.3,D
0.896,-60.295,319.4,1,1,2018-02-15,1425,T,56,6.0NRT,299.8,9.2,D
0.715,-60.38,318.5,1,1,2018-02-15,1425,T,53,6.0NRT,296.3,8.7,D
0.581,-60.347,318.3,1,1,2018-02-15,1425,T,60,6.0NRT,298.1,8.8,D
0.221,-60.525,318.3,1,1,2018-02-15,1425,T,73,6.0NRT,296.6,9.2,D
-10.898,-55.247,309.7,2.4,1.5,2018-02-15,1430,T,51,6.0NRT,291.1,19,D
-11.276,-54.38,300.9,2.8,1.6,2018-02-15,1430,T,16,6.0NRT,273.1,14.3,D
-11.756,-54.803,306.8,2.7,1.6,2018-02-15,1430,T,42,6.0NRT,284.4,21.7,D
-12.138,-55.23,314.3,2.5,1.5,2018-02-15,1430,T,11,6.0NRT,290.8,26.2,D
-12.131,-55.235,316.7,2.5,1.5,2018-02-15,1430,T,42,6.0NRT,292.5,33.5,D
-12.262,-55.997,313.9,2.2,1.4,2018-02-15,1430,T,9,6.0NRT,290.6,28.2,D
-16.982,-54.184,316.1,3.5,1.8,2018-02-15,1430,T,31,6.0NRT,297.6,53,D
-17.074,-54.166,314.2,3.5,1.8,2018-02-15,1430,T,37,6.0NRT,295.6,60.1,D
-17.212,-53.841,314.3,3.8,1.8,2018-02-15,1430,T,64,6.0NRT,295.8,46.6,D
-17.182,-63.03,319.5,1,1,2018-02-15,1430,T,67,6.0NRT,297.4,8.5,D
-20.441,-60.556,331.2,1.3,1.1,2018-02-15,1435,T,83,6.0NRT,302.9,29.1,D
-20.622,-60.825,328.9,1.3,1.1,2018-02-15,1435,T,82,6.0NRT,298.8,31.5,D
-21.183,-59.217,315,1.7,1.3,2018-02-15,1435,T,63,6.0NRT,299.6,13.5,D
-21.106,-61.41,316.8,1.2,1.1,2018-02-15,1435,T,68,6.0NRT,299.8,10.9,D
-21.25,-60.669,320.4,1.4,1.2,2018-02-15,1435,T,73,6.0NRT,300.3,16.5,D
-21.251,-60.656,321.1,1.4,1.2,2018-02-15,1435,T,74,6.0NRT,299.7,17.9,D
-21.262,-60.658,316.9,1.4,1.2,2018-02-15,1435,T,33,6.0NRT,299.6,10.3,D
-21.583,-58.686,312.9,1.9,1.3,2018-02-15,1435,T,58,6.0NRT,299.8,12.1,D
-21.585,-58.668,314.5,1.9,1.3,2018-02-15,1435,T,62,6.0NRT,300.3,15.9,D
-21.957,-61.116,315.3,1.3,1.1,2018-02-15,1435,T,64,6.0NRT,303.4,9.7,D
-22.44,-60.82,317.4,1.4,1.2,2018-02-15,1435,T,31,6.0NRT,303.3,8.6,D
-22.65,-60.683,322,1.4,1.2,2018-02-15,1435,T,76,6.0NRT,303.9,20.4,D
-22.652,-60.669,348.5,1.4,1.2,2018-02-15,1435,T,95,6.0NRT,305.3,86.8,D
-23.59,-59.068,334.8,1.9,1.3,2018-02-15,1435,T,87,6.0NRT,302.5,68.9,D
-23.592,-59.05,349.8,1.9,1.3,2018-02-15,1435,T,95,6.0NRT,302.2,135.8,D
-23.596,-59.056,334,1.9,1.3,2018-02-15,1435,T,86,6.0NRT,300.2,65.9,D
-23.512,-60.148,315.6,1.6,1.2,2018-02-15,1435,T,70,6.0NRT,301.1,12.8,D
-23.595,-60.319,315.8,1.5,1.2,2018-02-15,1435,T,70,6.0NRT,301.5,10.8,D
-23.597,-60.304,326.1,1.5,1.2,2018-02-15,1435,T,81,6.0NRT,303,29.8,D
-23.651,-60.031,323.3,1.6,1.2,2018-02-15,1435,T,70,6.0NRT,298.1,26.7,D
-23.66,-60.048,320.4,1.6,1.2,2018-02-15,1435,T,45,6.0NRT,297.2,20.7,D
-23.662,-60.032,323.9,1.6,1.2,2018-02-15,1435,T,61,6.0NRT,299.7,27.7,D
-23.778,-59.01,310.1,1.9,1.3,2018-02-15,1435,T,49,6.0NRT,295.8,9.9,D
-23.78,-58.992,317.1,1.9,1.3,2018-02-15,1435,T,69,6.0NRT,296.7,23.7,D
-23.784,-58.998,319.6,1.9,1.3,2018-02-15,1435,T,73,6.0NRT,296.4,28.8,D
-26.118,-59.32,342.9,1.9,1.4,2018-02-15,1435,T,92,6.0NRT,298.9,109.2,D
-26.12,-59.301,320.3,1.9,1.4,2018-02-15,1435,T,75,6.0NRT,300.1,29.4,D
-26.281,-57.705,314.8,2.5,1.5,2018-02-15,1435,T,66,6.0NRT,298.1,25.1,D
-26.109,-59.325,320.3,1.9,1.4,2018-02-15,1435,T,50,6.0NRT,297.9,26.2,D
-26.111,-59.305,321,1.9,1.4,2018-02-15,1435,T,58,6.0NRT,296.9,28.2,D
-26.121,-59.326,319.5,1.9,1.4,2018-02-15,1435,T,51,6.0NRT,296.7,23.7,D
-26.123,-59.307,323.7,1.9,1.4,2018-02-15,1435,T,67,6.0NRT,299.9,35.3,D
-26.286,-57.711,315,2.5,1.5,2018-02-15,1435,T,67,6.0NRT,298,25.9,D
-27.987,-56.154,323.6,3.4,1.7,2018-02-15,1435,T,77,6.0NRT,298,92.7,D
-27.997,-56.161,323.7,3.4,1.7,2018-02-15,1435,T,77,6.0NRT,298.2,88.1,D
-27.44,-65.613,315.4,1,1,2018-02-15,1435,T,19,6.0NRT,298.7,6.4,D
-28.177,-60.56,320.6,1.7,1.3,2018-02-15,1435,T,56,6.0NRT,303.9,18.6,D
-28.173,-60.565,321.4,1.7,1.3,2018-02-15,1435,T,70,6.0NRT,304.1,21.3,D
-27.586,-65.62,315.7,1,1,2018-02-15,1435,T,37,6.0NRT,299.8,6.3,D
-27.861,-64.376,313,1.1,1,2018-02-15,1435,T,37,6.0NRT,293.5,4,D
-28.291,-60.863,318.5,1.6,1.3,2018-02-15,1435,T,63,6.0NRT,305.9,13.6,D
-28.696,-58.921,328,2.2,1.4,2018-02-15,1435,T,80,6.0NRT,298.7,59.2,D
-28.692,-58.927,320.2,2.2,1.4,2018-02-15,1435,T,71,6.0NRT,298.7,32.7,D
-28.694,-58.904,316.8,2.2,1.4,2018-02-15,1435,T,65,6.0NRT,297.6,22.3,D
-28.564,-61.381,320.8,1.5,1.2,2018-02-15,1435,T,70,6.0NRT,302.2,18.8,D
-28.565,-61.365,337.6,1.5,1.2,2018-02-15,1435,T,88,6.0NRT,303.9,57.2,D
-28.12,-65.158,315.2,1,1,2018-02-15,1435,T,38,6.0NRT,299.2,6,D
-29.295,-58.696,318.1,2.3,1.5,2018-02-15,1435,T,68,6.0NRT,300.4,20.4,D
-29.297,-58.672,325.8,2.4,1.5,2018-02-15,1435,T,78,6.0NRT,300.3,47.6,D
-29.565,-57.046,331.1,3.1,1.7,2018-02-15,1435,T,72,6.0NRT,301.2,119.1,D
-29.563,-57.051,333.6,3.1,1.7,2018-02-15,1435,T,80,6.0NRT,301.1,137,D
-29.326,-60.754,310.8,1.7,1.3,2018-02-15,1435,T,30,6.0NRT,290.1,9.8,D
-29.693,-58.886,320.1,2.3,1.5,2018-02-15,1435,T,70,6.0NRT,302.3,28.6,D
-29.688,-58.893,318.4,2.3,1.5,2018-02-15,1435,T,66,6.0NRT,302,24.1,D
-29.712,-61.168,323.7,1.6,1.3,2018-02-15,1435,T,71,6.0NRT,304.5,20.9,D
-29.267,-64.968,321.5,1,1,2018-02-15,1435,T,70,6.0NRT,304.8,8.6,D
-29.609,-62.284,322.3,1.4,1.2,2018-02-15,1435,T,51,6.0NRT,301.7,12.8,D
-29.032,-67.45,326.6,1,1,2018-02-15,1435,T,70,6.0NRT,308,8.6,D
-29.764,-62.52,322.4,1.3,1.1,2018-02-15,1435,T,74,6.0NRT,303.8,14.8,D
-29.765,-62.506,322.7,1.3,1.1,2018-02-15,1435,T,74,6.0NRT,304.5,15.1,D
-30.224,-59.006,319.7,2.3,1.5,2018-02-15,1435,T,66,6.0NRT,302.6,18.8,D
-30.595,-58.009,319.2,2.7,1.6,2018-02-15,1435,T,61,6.0NRT,302.5,27.2,D
-30.598,-58.015,320,2.7,1.6,2018-02-15,1435,T,66,6.0NRT,302.4,32.1,D
-30.66,-57.963,318.5,2.7,1.6,2018-02-15,1435,T,54,6.0NRT,301.5,24.7,D
-30.663,-57.97,317.3,2.7,1.6,2018-02-15,1435,T,49,6.0NRT,301.9,20,D
-30.594,-60.006,331.2,2,1.4,2018-02-15,1435,T,82,6.0NRT,306,47.4,D
-30.595,-60.012,332.8,2,1.4,2018-02-15,1435,T,83,6.0NRT,306.1,55.5,D
-30.597,-59.991,323.6,2,1.4,2018-02-15,1435,T,72,6.0NRT,304.6,26.5,D
-31.769,-60.444,317.7,1.9,1.4,2018-02-15,1435,T,61,6.0NRT,302.2,14,D
-31.771,-60.424,318.3,1.9,1.4,2018-02-15,1435,T,65,6.0NRT,302.6,14.8,D
-31.993,-59.098,316.4,2.4,1.5,2018-02-15,1435,T,56,6.0NRT,299.4,18.8,D
-32.358,-58.513,321.7,2.6,1.6,2018-02-15,1435,T,70,6.0NRT,302.5,39.4,D
-32.64,-60.373,320.6,2,1.4,2018-02-15,1435,T,0,6.0NRT,300.1,37.2,D
-32.642,-60.38,325.1,2,1.4,2018-02-15,1435,T,58,6.0NRT,300.1,50.9,D
-33.338,-58.822,321.3,2.6,1.5,2018-02-15,1435,T,60,6.0NRT,304.4,35.1,D
-33.206,-62.599,312.7,1.5,1.2,2018-02-15,1435,T,55,6.0NRT,300.9,10.7,D
-33.999,-57.95,317.1,3,1.6,2018-02-15,1435,T,68,6.0NRT,303.9,35,D
-33.998,-57.955,317.9,3,1.6,2018-02-15,1435,T,70,6.0NRT,303.7,39.1,D
-34.245,-58.89,317.7,2.6,1.6,2018-02-15,1435,T,54,6.0NRT,301.6,34.2,D
-34.259,-58.891,315.9,2.6,1.6,2018-02-15,1435,T,47,6.0NRT,301.9,27.2,D
-35.808,-61.896,313.5,1.7,1.3,2018-02-15,1435,T,29,6.0NRT,301.2,5.8,D
-36.841,-60.23,326.2,2.3,1.5,2018-02-15,1435,T,80,6.0NRT,305.6,46.9,D
-37.36,-67.852,333,1,1,2018-02-15,1440,T,74,6.0NRT,311.2,16,D
-38.083,-62.014,323.5,1.8,1.3,2018-02-15,1440,T,47,6.0NRT,302.2,28.1,D
-38.085,-61.994,324,1.8,1.3,2018-02-15,1440,T,44,6.0NRT,304.1,28.5,D
-38.089,-62.001,328.5,1.8,1.3,2018-02-15,1440,T,66,6.0NRT,303.3,37.5,D
-38.136,-62.025,339.6,1.8,1.3,2018-02-15,1440,T,90,6.0NRT,308.1,76.4,D
-38.137,-62.004,342.9,1.8,1.3,2018-02-15,1440,T,92,6.0NRT,309.2,89.4,D
-38.139,-61.985,345.3,1.8,1.3,2018-02-15,1440,T,92,6.0NRT,302.8,99,D
-38.15,-62.005,338.1,1.8,1.3,2018-02-15,1440,T,89,6.0NRT,303.7,73.6,D
-38.151,-61.986,336.8,1.8,1.3,2018-02-15,1440,T,67,6.0NRT,299.7,68,D
-38.155,-61.947,339.7,1.9,1.3,2018-02-15,1440,T,79,6.0NRT,299.2,81.5,D
-37.937,-72.521,321.7,1.2,1.1,2018-02-15,1440,T,73,6.0NRT,298.9,18,D
-38.158,-72.437,327,1.2,1.1,2018-02-15,1440,T,74,6.0NRT,296.2,27.6,D
-38.168,-72.44,317.8,1.2,1.1,2018-02-15,1440,T,44,6.0NRT,300.3,15.5,D
-38.17,-72.432,317.6,1.2,1.1,2018-02-15,1440,T,54,6.0NRT,302.1,12.4,D
-41.89,-72.581,310.8,1.1,1,2018-02-15,1440,T,45,6.0NRT,300.4,9.5,D
-44.74,-66.045,334.9,1.3,1.2,2018-02-15,1440,T,86,6.0NRT,308.6,38.1,D
-44.75,-66.047,331.6,1.3,1.2,2018-02-15,1440,T,84,6.0NRT,305.6,30.6,D
12.862,-87.575,334.7,2,1.4,2018-02-15,1605,T,81,6.0NRT,302.5,61.1,D
12.86,-87.557,329,1.9,1.4,2018-02-15,1605,T,76,6.0NRT,302.4,40.5,D
12.856,-87.565,326.6,1.9,1.4,2018-02-15,1605,T,57,6.0NRT,302,34.2,D
12.239,-86.004,320.8,1.5,1.2,2018-02-15,1605,T,41,6.0NRT,299.2,16.8,D
10.11,-73.7,321.4,3.3,1.7,2018-02-15,1605,T,71,6.0NRT,302.2,51.7,D
10.113,-73.705,321.2,3.3,1.7,2018-02-15,1605,T,68,6.0NRT,301.9,49.9,D
10.047,-74.917,321.6,2.6,1.6,2018-02-15,1605,T,68,6.0NRT,298.6,42.8,D
10.042,-74.925,318.1,2.6,1.6,2018-02-15,1605,T,60,6.0NRT,298.8,29.3,D
10.038,-74.901,318.1,2.7,1.6,2018-02-15,1605,T,60,6.0NRT,298.4,29.2,D
9.626,-73.472,319.1,3.5,1.8,2018-02-15,1605,T,47,6.0NRT,298.5,39.2,D
9.734,-75.237,336.9,2.5,1.5,2018-02-15,1605,T,87,6.0NRT,298.6,120.9,D
9.73,-75.214,322.4,2.5,1.5,2018-02-15,1605,T,71,6.0NRT,298.4,48.5,D
9.741,-75.243,325.8,2.5,1.5,2018-02-15,1605,T,76,6.0NRT,297.9,61.1,D
9.737,-75.219,325,2.5,1.5,2018-02-15,1605,T,73,6.0NRT,298.4,56.3,D
9.681,-75.298,315,2.5,1.5,2018-02-15,1605,T,47,6.0NRT,297,24.9,D
10.414,-85.769,317.1,1.3,1.1,2018-02-15,1605,T,47,6.0NRT,300.2,8.6,D
10.086,-84.717,317.2,1.2,1.1,2018-02-15,1605,T,27,6.0NRT,301.9,8.6,D
9.347,-79.883,319.3,1.2,1.1,2018-02-15,1605,T,44,6.0NRT,300.7,10.5,D
9.122,-79.09,317.9,1.3,1.1,2018-02-15,1605,T,69,6.0NRT,297.4,13.7,D
9.197,-83.188,314.4,1,1,2018-02-15,1605,T,65,6.0NRT,300.8,7.2,D
9.196,-83.178,311.5,1,1,2018-02-15,1605,T,45,6.0NRT,297.7,5.2,D
8.269,-80.545,318.2,1.1,1.1,2018-02-15,1605,T,54,6.0NRT,298.7,9.5,D
6.174,-74.454,319.8,3.4,1.7,2018-02-15,1605,T,77,6.0NRT,288.5,64.8,D
6.178,-74.459,316.2,3.4,1.7,2018-02-15,1605,T,73,6.0NRT,288.8,49.5,D
-34.251,-58.898,321.3,2.8,1.6,2018-02-15,1715,A,65,6.0NRT,303.8,47.4,D
-34.25,-58.903,323.3,2.8,1.6,2018-02-15,1715,A,70,6.0NRT,304,56.7,D
-33.798,-54.502,328.9,1.4,1.2,2018-02-15,1715,A,80,6.0NRT,308.2,29.2,D
-33.693,-53.797,317.7,1.3,1.1,2018-02-15,1715,A,55,6.0NRT,301.5,13.8,D
-32.078,-54.584,343.8,1.4,1.2,2018-02-15,1715,A,90,6.0NRT,306.4,58.8,D
-32.08,-54.599,339.8,1.4,1.2,2018-02-15,1715,A,87,6.0NRT,307.6,47.6,D
-32.367,-58.525,329.4,2.5,1.5,2018-02-15,1715,A,77,6.0NRT,305.8,59.4,D
-32.369,-58.551,319.9,2.5,1.5,2018-02-15,1715,A,51,6.0NRT,305.6,21.2,D
-32.361,-58.532,327.6,2.5,1.5,2018-02-15,1715,A,74,6.0NRT,305.5,49.1,D
-31.146,-53.266,316.6,1.2,1.1,2018-02-15,1715,A,38,6.0NRT,302.5,7.6,D
-30.716,-52.418,315.5,1.1,1,2018-02-15,1715,A,55,6.0NRT,297.3,7.2,D
-30.656,-52.776,314.9,1.1,1,2018-02-15,1715,A,19,6.0NRT,301.4,4.8,D
-30.528,-52.64,360.1,1.1,1,2018-02-15,1715,A,100,6.0NRT,305.7,86.8,D
-30.529,-52.652,385.1,1.1,1,2018-02-15,1715,A,100,6.0NRT,307.7,186.4,D
-30.519,-52.642,348.6,1.1,1,2018-02-15,1715,A,94,6.0NRT,304.7,56.7,D
-30.52,-52.653,371.9,1.1,1,2018-02-15,1715,A,100,6.0NRT,308,127.9,D
-30.599,-58.011,339.2,2.2,1.4,2018-02-15,1715,A,87,6.0NRT,307,89.7,D
-30.601,-58.034,338.6,2.2,1.4,2018-02-15,1715,A,86,6.0NRT,307.5,87,D
-30.602,-58.015,340.7,2.2,1.4,2018-02-15,1715,A,88,6.0NRT,306.7,96.2,D
-30.604,-58.038,326.3,2.2,1.4,2018-02-15,1715,A,71,6.0NRT,305.1,31.4,D
-29.507,-51.404,315.7,1,1,2018-02-15,1715,A,64,6.0NRT,304.2,5.8,D
-29.516,-51.669,309.6,1,1,2018-02-15,1715,A,31,6.0NRT,299.1,4.6,D
-30.151,-58.045,324.3,2.2,1.4,2018-02-15,1715,A,62,6.0NRT,305.7,26.6,D
-30.18,-58.544,331.3,2.3,1.5,2018-02-15,1715,A,80,6.0NRT,300.1,68.5,D
-30.185,-58.55,333.8,2.3,1.5,2018-02-15,1715,A,83,6.0NRT,300.4,80.4,D
-29.233,-51.208,311.8,1,1,2018-02-15,1715,A,48,6.0NRT,298.8,5.1,D
-29.991,-59.971,321.6,2.9,1.6,2018-02-15,1715,A,67,6.0NRT,304.1,40.3,D
-29.747,-58.928,319.4,2.5,1.5,2018-02-15,1715,A,64,6.0NRT,298.9,39.4,D
-29.755,-58.932,316.9,2.5,1.5,2018-02-15,1715,A,50,6.0NRT,298.7,31,D
-29.565,-57.042,326.2,1.8,1.3,2018-02-15,1715,A,72,6.0NRT,307.7,31.6,D
-29.567,-57.061,364.7,1.8,1.3,2018-02-15,1715,A,87,6.0NRT,309,214.6,D
-28.857,-51.282,312.6,1,1,2018-02-15,1715,A,51,6.0NRT,299.2,5,D
-29.303,-58.677,317.6,2.3,1.5,2018-02-15,1715,A,59,6.0NRT,296.4,34,D
-28.417,-57.864,342.7,2,1.4,2018-02-15,1715,A,79,6.0NRT,303.1,112,D
-28.414,-57.848,317.7,2,1.4,2018-02-15,1715,A,66,6.0NRT,301.2,20.7,D
-28.416,-57.869,331.2,2,1.4,2018-02-15,1715,A,83,6.0NRT,302.6,62,D
-27.685,-57.409,317.1,1.8,1.3,2018-02-15,1715,A,63,6.0NRT,302.7,17,D
-27.365,-54.643,322.7,1.2,1.1,2018-02-15,1715,A,74,6.0NRT,301.9,20.2,D
-27.405,-57.691,322.1,1.9,1.3,2018-02-15,1715,A,71,6.0NRT,302.3,30.4,D
-27.037,-54.704,316.9,1.2,1.1,2018-02-15,1715,A,49,6.0NRT,298,12.4,D
-27.311,-58.327,317.1,2.1,1.4,2018-02-15,1715,A,43,6.0NRT,301.9,19.5,D
-26.599,-54.684,318,1.2,1.1,2018-02-15,1715,A,41,6.0NRT,301.9,11.1,D
-26.787,-56.333,318.9,1.5,1.2,2018-02-15,1715,A,69,6.0NRT,300.1,17.9,D
-26.786,-56.339,313.7,1.5,1.2,2018-02-15,1715,A,51,6.0NRT,299.3,9.8,D
-26.191,-54.355,313.7,1.2,1.1,2018-02-15,1715,A,39,6.0NRT,297.6,7.6,D
-26.058,-56.225,330.4,1.5,1.2,2018-02-15,1715,A,82,6.0NRT,302.8,38.9,D
-26.06,-56.24,325.7,1.5,1.2,2018-02-15,1715,A,77,6.0NRT,297.4,28.8,D
-26.056,-56.231,329.1,1.5,1.2,2018-02-15,1715,A,80,6.0NRT,302.6,36,D
-25.756,-56.686,318.9,1.5,1.2,2018-02-15,1715,A,69,6.0NRT,298.8,17.7,D
-25.758,-56.702,317.1,1.5,1.2,2018-02-15,1715,A,66,6.0NRT,300.9,14.6,D
-25.161,-55.379,328.5,1.3,1.1,2018-02-15,1715,A,51,6.0NRT,304.2,20.4,D
-25.202,-57.024,321.1,1.6,1.2,2018-02-15,1715,A,74,6.0NRT,297.2,21.8,D
-25.015,-56.982,316.5,1.6,1.2,2018-02-15,1715,A,52,6.0NRT,299,12.1,D
-24.887,-56.436,337.2,1.4,1.2,2018-02-15,1715,A,77,6.0NRT,293.7,56.9,D
-24.893,-56.428,325.5,1.4,1.2,2018-02-15,1715,A,79,6.0NRT,296.4,30.2,D
-24.348,-55.292,321.5,1.2,1.1,2018-02-15,1715,A,71,6.0NRT,297.2,17.8,D
-24.206,-56.198,325.1,1.4,1.2,2018-02-15,1715,A,70,6.0NRT,293.3,24.9,D
-24.095,-58.311,316.8,1.9,1.3,2018-02-15,1720,A,39,6.0NRT,299.2,16.7,D
-23.756,-55.594,320,1.2,1.1,2018-02-15,1720,A,62,6.0NRT,299.5,14.5,D
-23.839,-56.956,316.4,1.5,1.2,2018-02-15,1720,A,24,6.0NRT,297.6,15.2,D
-23.671,-56.392,318.6,1.4,1.2,2018-02-15,1720,A,43,6.0NRT,300.7,16.7,D
-23.655,-60.038,316.1,2.5,1.5,2018-02-15,1720,A,53,6.0NRT,298.1,28.1,D
-22.653,-60.672,328.2,2.7,1.6,2018-02-15,1720,A,82,6.0NRT,305.1,78.7,D
-22.296,-60.868,339.7,2.7,1.6,2018-02-15,1720,A,90,6.0NRT,307.2,145,D
-22.298,-60.894,340.5,2.8,1.6,2018-02-15,1720,A,90,6.0NRT,305,154,D
-22.281,-60.869,325.8,2.7,1.6,2018-02-15,1720,A,80,6.0NRT,305.9,65.2,D
-22.284,-60.896,329.7,2.8,1.6,2018-02-15,1720,A,83,6.0NRT,305.3,88.6,D
-22.292,-60.875,349.1,2.7,1.6,2018-02-15,1720,A,95,6.0NRT,308.5,223.2,D
-22.295,-60.902,328.9,2.8,1.6,2018-02-15,1720,A,82,6.0NRT,304.6,82.9,D
-20.541,-51.125,319.7,1.1,1,2018-02-15,1720,A,58,6.0NRT,300.6,10,D
-20.572,-52.302,336,1,1,2018-02-15,1720,A,86,6.0NRT,299.5,30.1,D
-21.253,-60.66,315.9,2.6,1.5,2018-02-15,1720,A,65,6.0NRT,298.2,25.2,D
-21.255,-60.685,318.5,2.6,1.5,2018-02-15,1720,A,72,6.0NRT,299.6,32.9,D
-21.262,-60.663,316.5,2.6,1.5,2018-02-15,1720,A,63,6.0NRT,298.2,25.8,D
-20.119,-52.044,318.8,1,1,2018-02-15,1720,A,60,6.0NRT,299.5,8.4,D
-19.974,-52.242,324,1,1,2018-02-15,1720,A,73,6.0NRT,300,14.1,D
-20.622,-60.821,313.3,2.6,1.5,2018-02-15,1720,A,65,6.0NRT,290.7,24.6,D
-20.625,-60.846,314.5,2.6,1.5,2018-02-15,1720,A,68,6.0NRT,292.2,27.6,D
-20.631,-60.827,314.5,2.6,1.5,2018-02-15,1720,A,67,6.0NRT,292.7,29.1,D
-16.454,-54.483,319.4,1,1,2018-02-15,1720,A,49,6.0NRT,303.1,7.5,D
-15.094,-54.556,323.9,1,1,2018-02-15,1720,A,49,6.0NRT,304.9,12.5,D
-13.867,-55.368,316.1,1,1,2018-02-15,1720,A,26,6.0NRT,296.5,7.3,D
-13.759,-55.247,313.2,1,1,2018-02-15,1720,A,36,6.0NRT,288.7,7.6,D
-13.356,-53.924,326.3,1,1,2018-02-15,1720,A,68,6.0NRT,308.4,15.5,D
-13.381,-54.157,326.4,1,1,2018-02-15,1720,A,27,6.0NRT,307.8,14.7,D
-13.25,-53.755,320.4,1,1,2018-02-15,1720,A,63,6.0NRT,300.5,10.6,D
-13.251,-53.764,327.5,1,1,2018-02-15,1720,A,75,6.0NRT,308.7,19.4,D
-13.313,-54.192,325.6,1,1,2018-02-15,1720,A,67,6.0NRT,306.5,16.1,D
-12.987,-54.167,327.2,1,1,2018-02-15,1720,A,59,6.0NRT,308.5,15.4,D
-12.652,-54.961,325.5,1,1,2018-02-15,1720,A,68,6.0NRT,306.1,13.5,D
-12.304,-54.154,316.2,1,1,2018-02-15,1720,A,65,6.0NRT,295.1,9.1,D
-12.813,-58.139,313.9,1.3,1.1,2018-02-15,1720,A,0,6.0NRT,293.1,8.8,D
-11.769,-55.09,323.9,1,1,2018-02-15,1720,A,45,6.0NRT,302.4,15,D
-9.952,-55.318,308.9,1,1,2018-02-15,1720,A,37,6.0NRT,286.7,3.8,D
-0.201,-60.737,316.1,1.3,1.1,2018-02-15,1725,A,71,6.0NRT,296.2,11.8,D
0.65,-59.731,342.9,1.1,1.1,2018-02-15,1725,A,92,6.0NRT,296.6,47.7,D
0.66,-60.301,319,1.2,1.1,2018-02-15,1725,A,52,6.0NRT,299.1,14.4,D
0.799,-59.47,343.3,1.1,1,2018-02-15,1725,A,92,6.0NRT,296.8,46.9,D
0.687,-60.391,314.7,1.2,1.1,2018-02-15,1725,A,30,6.0NRT,295,8.2,D
0.685,-60.402,349.6,1.2,1.1,2018-02-15,1725,A,95,6.0NRT,299.6,71.7,D
0.846,-59.581,341.1,1.1,1,2018-02-15,1725,A,90,6.0NRT,299,42.1,D
0.845,-59.591,325.6,1.1,1,2018-02-15,1725,A,69,6.0NRT,298.4,17.7,D
0.733,-60.425,331.5,1.2,1.1,2018-02-15,1725,A,79,6.0NRT,301.8,30.2,D
0.732,-60.436,324.9,1.2,1.1,2018-02-15,1725,A,71,6.0NRT,301.2,18.3,D
0.876,-59.576,332,1.1,1,2018-02-15,1725,A,84,6.0NRT,303.2,26.1,D
0.874,-59.585,341.7,1.1,1,2018-02-15,1725,A,91,6.0NRT,296.8,42.9,D
0.799,-60.177,356.6,1.2,1.1,2018-02-15,1725,A,98,6.0NRT,296.2,86.4,D
0.797,-60.187,393.4,1.2,1.1,2018-02-15,1725,A,100,6.0NRT,302.3,260.1,D
0.808,-60.178,314.8,1.2,1.1,2018-02-15,1725,A,49,6.0NRT,294.1,6.2,D
0.884,-59.763,320.2,1.1,1.1,2018-02-15,1725,A,25,6.0NRT,301.2,10.1,D
0.958,-60.492,335.6,1.2,1.1,2018-02-15,1725,A,82,6.0NRT,300.6,35,D
0.961,-60.488,321.6,1.2,1.1,2018-02-15,1725,A,27,6.0NRT,300.6,12.2,D
0.959,-60.499,321.6,1.2,1.1,2018-02-15,1725,A,38,6.0NRT,299,12.8,D
0.993,-60.406,347.4,1.2,1.1,2018-02-15,1725,A,94,6.0NRT,301.9,60.7,D
1.055,-60.18,339.6,1.2,1.1,2018-02-15,1725,A,89,6.0NRT,303.2,43,D
1.054,-60.191,325.4,1.2,1.1,2018-02-15,1725,A,75,6.0NRT,296.6,18.4,D
1.038,-60.434,378.6,1.2,1.1,2018-02-15,1725,A,87,6.0NRT,296.9,179.9,D
1.185,-60.184,322.5,1.2,1.1,2018-02-15,1725,A,75,6.0NRT,301.4,13.9,D
1.218,-60.122,320.9,1.1,1.1,2018-02-15,1725,A,62,6.0NRT,299.1,9.6,D
1.234,-60.083,353,1.1,1.1,2018-02-15,1725,A,97,6.0NRT,302.4,73.2,D
1.232,-60.093,352.2,1.1,1.1,2018-02-15,1725,A,96,6.0NRT,304.7,70.4,D
1.208,-60.602,322.8,1.2,1.1,2018-02-15,1725,A,0,6.0NRT,291.5,21.7,D
1.471,-60.691,315.7,1.2,1.1,2018-02-15,1725,A,56,6.0NRT,295.8,8.5,D
1.662,-60.709,330.9,1.2,1.1,2018-02-15,1725,A,78,6.0NRT,293.6,29.7,D
1.665,-60.705,319.3,1.2,1.1,2018-02-15,1725,A,57,6.0NRT,288.5,13.5,D
1.794,-60.523,331.2,1.2,1.1,2018-02-15,1725,A,74,6.0NRT,288.3,31.4,D
1.915,-59.959,323.5,1.1,1,2018-02-15,1725,A,71,6.0NRT,300.5,15.7,D
1.85,-60.403,345.8,1.2,1.1,2018-02-15,1725,A,93,6.0NRT,296.3,58.5,D
1.849,-60.413,331.3,1.2,1.1,2018-02-15,1725,A,85,6.0NRT,296.7,29.5,D
1.876,-60.291,328.9,1.1,1.1,2018-02-15,1725,A,83,6.0NRT,295.9,24.6,D
2.289,-60.487,333.3,1.2,1.1,2018-02-15,1725,A,84,6.0NRT,296.7,31.6,D
2.319,-60.481,328.4,1.2,1.1,2018-02-15,1725,A,79,6.0NRT,297.8,22.7,D
2.224,-61.138,336.7,1.3,1.1,2018-02-15,1725,A,0,6.0NRT,292.3,44.6,D
2.739,-60.125,322.4,1.1,1,2018-02-15,1725,A,62,6.0NRT,294.7,14.7,D
2.749,-60.187,342.4,1.1,1.1,2018-02-15,1725,A,83,6.0NRT,302.5,37.9,D
2.755,-60.183,339.5,1.1,1.1,2018-02-15,1725,A,89,6.0NRT,301.9,39.1,D
2.755,-60.244,347.8,1.1,1.1,2018-02-15,1725,A,94,6.0NRT,301.4,54.2,D
2.754,-60.254,328.4,1.1,1.1,2018-02-15,1725,A,67,6.0NRT,296.8,18.1,D
2.768,-60.225,335.5,1.1,1.1,2018-02-15,1725,A,81,6.0NRT,303.5,25.4,D
2.766,-60.235,341.9,1.1,1.1,2018-02-15,1725,A,91,6.0NRT,302,36.9,D
2.765,-60.245,372.9,1.1,1.1,2018-02-15,1725,A,100,6.0NRT,300,133.7,D
2.763,-60.255,343.9,1.1,1.1,2018-02-15,1725,A,92,6.0NRT,293.3,45.5,D
2.776,-60.864,368.3,1.2,1.1,2018-02-15,1725,A,75,6.0NRT,289.8,124.4,D
2.786,-60.865,331.5,1.2,1.1,2018-02-15,1725,A,71,6.0NRT,289.6,19.2,D
2.957,-60.019,343.8,1.1,1,2018-02-15,1725,A,70,6.0NRT,289.5,45.4,D
3.53,-60.376,346.3,1.1,1.1,2018-02-15,1725,A,93,6.0NRT,294.3,48.3,D
3.702,-59.318,345.6,1,1,2018-02-15,1725,A,92,6.0NRT,294.3,44.1,D
3.923,-59.258,335.4,1,1,2018-02-15,1725,A,86,6.0NRT,289.1,28.2,D
3.921,-59.267,357,1,1,2018-02-15,1725,A,88,6.0NRT,288.6,71.8,D
4.812,-68.663,317.5,4.3,1.9,2018-02-15,1725,A,40,6.0NRT,284.1,67.5,D
5.364,-67.947,314.3,3.7,1.8,2018-02-15,1725,A,0,6.0NRT,288.4,41.3,D
6.072,-67.622,324.2,3.4,1.7,2018-02-15,1725,A,78,6.0NRT,292.2,72.6,D
5.899,-69.105,326.6,4.4,1.9,2018-02-15,1725,A,55,6.0NRT,290.8,143.7,D
6.193,-68.004,315.6,3.6,1.8,2018-02-15,1725,A,0,6.0NRT,290.5,47.3,D
6.266,-67.854,319.1,3.5,1.8,2018-02-15,1725,A,53,6.0NRT,288.1,58.5,D
6.265,-67.83,330.7,3.5,1.8,2018-02-15,1725,A,85,6.0NRT,287.4,136.1,D
6.411,-67.987,316.1,3.6,1.8,2018-02-15,1725,A,61,6.0NRT,287.5,50,D
6.421,-67.995,311.3,3.6,1.8,2018-02-15,1725,A,31,6.0NRT,287.5,25.4,D
6.85,-66.967,308.4,2.9,1.6,2018-02-15,1725,A,36,6.0NRT,286.6,16.9,D
6.851,-66.972,311.4,2.9,1.6,2018-02-15,1725,A,44,6.0NRT,287.4,27.3,D
7.018,-69.293,312.4,4.4,1.9,2018-02-15,1725,A,19,6.0NRT,289.3,47.7,D
7.02,-69.298,312.6,4.4,1.9,2018-02-15,1725,A,25,6.0NRT,289,49,D
7.716,-65.972,318.1,2.3,1.5,2018-02-15,1725,A,48,6.0NRT,287.8,41.6,D
7.884,-69.463,313.6,4.3,1.9,2018-02-15,1725,A,50,6.0NRT,286.9,43.5,D
7.886,-69.468,314.7,4.3,1.9,2018-02-15,1725,A,60,6.0NRT,286.7,50,D
9.954,-63.471,322.5,1.4,1.2,2018-02-15,1725,A,78,6.0NRT,297.6,19.2,D
9.952,-63.483,324.9,1.4,1.2,2018-02-15,1725,A,80,6.0NRT,298.5,23.3,D
10.108,-67.956,319.3,3,1.7,2018-02-15,1725,A,44,6.0NRT,293.9,37.7,D
10.256,-67.992,317.5,3,1.7,2018-02-15,1725,A,51,6.0NRT,292.7,39.1,D
10.241,-67.997,325.4,3,1.7,2018-02-15,1725,A,79,6.0NRT,292.3,79.1,D
0.34,-75.293,338.7,2.5,1.5,2018-02-15,1905,A,67,6.0NRT,288.9,139.2,D
1.227,-74.521,318.6,3,1.7,2018-02-15,1905,A,70,6.0NRT,291.4,44.9,D
1.225,-74.526,321,3,1.7,2018-02-15,1905,A,73,6.0NRT,291.4,55.7,D
1.722,-74.349,326.3,3.2,1.7,2018-02-15,1905,A,78,6.0NRT,289.1,81.4,D
1.966,-73.657,325.8,3.6,1.8,2018-02-15,1905,A,27,6.0NRT,289.1,111.3,D
1.981,-74.133,331.9,3.3,1.7,2018-02-15,1905,A,84,6.0NRT,292.8,137.4,D
1.937,-74.97,315.5,2.9,1.6,2018-02-15,1905,A,52,6.0NRT,288.9,29.7,D
2.165,-73.915,330.2,3.5,1.8,2018-02-15,1905,A,83,6.0NRT,292.1,123.3,D
2.161,-73.947,315.8,3.5,1.8,2018-02-15,1905,A,36,6.0NRT,291.6,28.5,D
2.16,-73.922,333.3,3.5,1.8,2018-02-15,1905,A,85,6.0NRT,293,152,D
2.139,-74.076,314.5,3.4,1.7,2018-02-15,1905,A,43,6.0NRT,290.9,29.4,D
2.235,-73.505,331.5,3.8,1.8,2018-02-15,1905,A,79,6.0NRT,286.8,162.5,D
2.255,-74.004,344.5,3.4,1.7,2018-02-15,1905,A,80,6.0NRT,290.5,257.2,D
2.275,-73.976,347.4,3.5,1.8,2018-02-15,1905,A,94,6.0NRT,291.1,295.8,D
2.295,-73.947,338.3,3.5,1.8,2018-02-15,1905,A,77,6.0NRT,289.4,197.5,D
2.29,-73.978,370.9,3.5,1.8,2018-02-15,1905,A,94,6.0NRT,291.7,674.6,D
2.29,-73.954,335,3.5,1.8,2018-02-15,1905,A,82,6.0NRT,288.6,165.7,D
2.286,-73.985,352.8,3.5,1.8,2018-02-15,1905,A,96,6.0NRT,291.5,364.4,D
2.343,-74.148,330,3.4,1.7,2018-02-15,1905,A,78,6.0NRT,289.5,122,D
2.352,-74.154,322.9,3.4,1.7,2018-02-15,1905,A,76,6.0NRT,291,71.8,D
2.44,-73.979,315.8,3.5,1.8,2018-02-15,1905,A,28,6.0NRT,291,40.8,D
2.451,-74.012,314.3,3.5,1.8,2018-02-15,1905,A,36,6.0NRT,291.8,34.8,D
2.417,-74.255,324.3,3.3,1.7,2018-02-15,1905,A,49,6.0NRT,291,73.3,D
2.433,-74.257,338.4,3.3,1.7,2018-02-15,1905,A,84,6.0NRT,292.9,176.4,D
2.43,-74.264,333.2,3.3,1.7,2018-02-15,1905,A,63,6.0NRT,293,129.6,D
2.876,-72.529,314.6,4.6,2,2018-02-15,1905,A,55,6.0NRT,289.6,52.7,D
2.882,-72.496,312.6,4.6,2,2018-02-15,1905,A,45,6.0NRT,287.8,44,D
3.034,-72.688,316,4.5,2,2018-02-15,1905,A,56,6.0NRT,285.9,65,D
2.83,-74.224,314.2,3.4,1.7,2018-02-15,1905,A,0,6.0NRT,289.8,32.2,D
8.228,-81.11,323.9,1.2,1.1,2018-02-15,1905,A,51,6.0NRT,302.6,12.1,D
8.561,-79.905,321.5,1.5,1.2,2018-02-15,1905,A,73,6.0NRT,300.8,14.4,D
8.621,-79.871,324.2,1.5,1.2,2018-02-15,1905,A,55,6.0NRT,301.2,22.8,D
8.656,-82.427,324.9,1.1,1,2018-02-15,1905,A,65,6.0NRT,303.5,12.4,D
10.113,-73.704,321.7,4.8,2,2018-02-15,1905,A,67,6.0NRT,297.6,79.9,D
10.108,-73.748,321.5,4.8,2,2018-02-15,1905,A,62,6.0NRT,296.9,78.5,D
10.167,-73.713,319.8,4.8,2,2018-02-15,1905,A,71,6.0NRT,296,75.6,D
10.113,-73.712,324.3,4.8,2,2018-02-15,1905,A,77,6.0NRT,297.6,107.4,D
10.166,-73.721,318.1,4.8,2,2018-02-15,1905,A,65,6.0NRT,296,71,D
9.134,-83.216,318,1,1,2018-02-15,1905,A,61,6.0NRT,298.1,7.3,D
9.184,-83.186,318.2,1,1,2018-02-15,1905,A,36,6.0NRT,299.5,7.8,D
9.193,-83.187,323.9,1,1,2018-02-15,1905,A,72,6.0NRT,301.9,14.1,D
9.927,-85.067,319.9,1,1,2018-02-15,1905,A,59,6.0NRT,303.8,8.3,D
12.036,-86.023,329.4,1,1,2018-02-15,1905,A,82,6.0NRT,304,14.6,D
12.034,-86.032,322.8,1,1,2018-02-15,1905,A,75,6.0NRT,303.7,6.8,D
12.009,-86.646,321.1,1.1,1,2018-02-15,1905,A,60,6.0NRT,299.4,8.7,D
12.007,-86.655,327.6,1.1,1,2018-02-15,1905,A,75,6.0NRT,303.1,16.2,D
12.235,-85.539,315.3,1,1,2018-02-15,1905,A,54,6.0NRT,295,6.7,D
12.119,-86.331,325.8,1.1,1,2018-02-15,1905,A,63,6.0NRT,300.4,15.6,D
12.33,-86.71,341.1,1.1,1,2018-02-15,1905,A,90,6.0NRT,305.3,35.4,D
12.329,-86.72,343.4,1.1,1,2018-02-15,1905,A,91,6.0NRT,308,40.4,D
12.339,-86.712,324,1.1,1,2018-02-15,1905,A,62,6.0NRT,304.8,8.9,D
12.562,-86.815,327.9,1.1,1,2018-02-15,1905,A,23,6.0NRT,309.5,11.5,D
12.56,-86.825,336.2,1.1,1,2018-02-15,1905,A,79,6.0NRT,309.6,24.9,D
12.571,-86.816,338.5,1.1,1,2018-02-15,1905,A,85,6.0NRT,307,28.7,D
12.57,-86.826,343.2,1.1,1,2018-02-15,1905,A,90,6.0NRT,308.7,38.5,D
12.57,-86.887,338.5,1.1,1,2018-02-15,1905,A,87,6.0NRT,308,28.9,D
12.568,-86.897,336,1.1,1,2018-02-15,1905,A,84,6.0NRT,308.5,23.3,D
12.582,-86.868,321.9,1.1,1,2018-02-15,1905,A,57,6.0NRT,304.7,8.3,D
12.64,-87.038,354.5,1.1,1,2018-02-15,1905,A,97,6.0NRT,312.5,62.7,D
12.638,-87.048,384.8,1.1,1,2018-02-15,1905,A,100,6.0NRT,313.3,179.8,D
12.799,-87.2,327.7,1.1,1.1,2018-02-15,1905,A,76,6.0NRT,308.5,13.7,D
12.781,-87.323,350.5,1.1,1.1,2018-02-15,1905,A,95,6.0NRT,309.1,61.6,D
12.779,-87.334,362.6,1.1,1.1,2018-02-15,1905,A,100,6.0NRT,309.6,98.3,D
12.882,-86.715,335.8,1.1,1,2018-02-15,1905,A,85,6.0NRT,312,23,D
12.79,-87.325,324.7,1.1,1.1,2018-02-15,1905,A,64,6.0NRT,307,13.7,D
12.789,-87.335,330.8,1.1,1.1,2018-02-15,1905,A,79,6.0NRT,306.6,22.6,D
12.837,-87.269,322.2,1.1,1.1,2018-02-15,1905,A,57,6.0NRT,306.1,10.7,D
12.927,-87.573,327.1,1.2,1.1,2018-02-15,1905,A,45,6.0NRT,310.1,9.1,D
-44.745,-66.041,330.9,1.3,1.1,2018-02-15,1850,A,58,6.0NRT,315.8,15.5,D
-44.735,-66.045,354.9,1.3,1.1,2018-02-15,1850,A,96,6.0NRT,317,80.5,D
-44.738,-66.061,338.9,1.3,1.1,2018-02-15,1850,A,82,6.0NRT,317.2,32.2,D
-44.725,-66.048,329.4,1.3,1.1,2018-02-15,1850,A,42,6.0NRT,316.9,12.7,D
-42.172,-73.858,312.8,1.1,1,2018-02-15,1850,A,71,6.0NRT,295.6,10.7,D
-39.334,-65.748,350.8,1.8,1.3,2018-02-15,1850,A,94,6.0NRT,312.3,118.8,D
-38.155,-61.936,343.1,3.3,1.7,2018-02-15,1850,A,47,6.0NRT,301.7,212.9,D
-38.161,-61.939,354.5,3.3,1.7,2018-02-15,1850,A,73,6.0NRT,300.9,354.6,D
-38.084,-62.015,354.2,3.2,1.7,2018-02-15,1850,A,93,6.0NRT,301.6,348,D
-38.901,-68.208,335.9,1.4,1.2,2018-02-15,1850,A,70,6.0NRT,314.4,19.3,D
-38.657,-72.486,327,1,1,2018-02-15,1850,A,76,6.0NRT,305.5,12.9,D
-38.659,-72.498,338.8,1,1,2018-02-15,1850,A,88,6.0NRT,310,29.6,D
-38.648,-72.488,339.9,1,1,2018-02-15,1850,A,88,6.0NRT,306.6,30.8,D
-38.65,-72.5,338.1,1,1,2018-02-15,1850,A,87,6.0NRT,308.8,28.1,D
-38.423,-72.4,345.3,1,1,2018-02-15,1850,A,92,6.0NRT,310.2,38.4,D
-38.424,-72.412,324.2,1,1,2018-02-15,1850,A,58,6.0NRT,310,6.2,D
-38.412,-72.391,333.1,1,1,2018-02-15,1850,A,83,6.0NRT,307,18.2,D
-38.414,-72.403,337.5,1,1,2018-02-15,1850,A,87,6.0NRT,309.6,24.5,D
-38.242,-72.362,340.6,1,1,2018-02-15,1850,A,89,6.0NRT,314.1,26.6,D
-38.231,-72.352,368.2,1,1,2018-02-15,1850,A,100,6.0NRT,312.4,93.1,D
-38.233,-72.364,456,1,1,2018-02-15,1850,A,100,6.0NRT,334.2,785.1,D
-38.235,-72.375,354.5,1,1,2018-02-15,1850,A,97,6.0NRT,316.8,53.7,D
-38.222,-72.355,402,1,1,2018-02-15,1850,A,100,6.0NRT,306.3,251.3,D
-38.224,-72.366,474.1,1,1,2018-02-15,1850,A,100,6.0NRT,330.1,1075.9,D
-38.226,-72.378,333.6,1,1,2018-02-15,1850,A,84,6.0NRT,315.8,16.2,D
-38.161,-72.435,380.2,1,1,2018-02-15,1850,A,100,6.0NRT,309.1,146.6,D
-38.163,-72.446,363.6,1,1,2018-02-15,1850,A,100,6.0NRT,305.5,87.8,D
-38.151,-72.426,339.7,1,1,2018-02-15,1850,A,88,6.0NRT,302.1,34.5,D
-38.148,-72.533,342.6,1,1,2018-02-15,1850,A,90,6.0NRT,305.8,39.2,D
-38.076,-72.486,342.8,1,1,2018-02-15,1850,A,90,6.0NRT,304.6,39.4,D
-38.003,-72.545,333.4,1,1,2018-02-15,1850,A,83,6.0NRT,308.5,18.9,D
-37.994,-72.547,389.8,1,1,2018-02-15,1850,A,100,6.0NRT,313.7,186.2,D
-37.996,-72.559,342.4,1,1,2018-02-15,1850,A,90,6.0NRT,308.5,35.3,D
-37.967,-72.554,331,1,1,2018-02-15,1850,A,81,6.0NRT,307.8,17.4,D
-37.969,-72.565,347.6,1,1,2018-02-15,1850,A,93,6.0NRT,309.6,46,D
-13.325,-43.248,306.8,1.9,1.3,2018-02-16,0105,T,69,6.0NRT,286.6,17.1,N
-13.311,-43.232,343.4,1.9,1.3,2018-02-16,0105,T,100,6.0NRT,289.8,121.2,N
-13.313,-43.249,376.6,1.9,1.3,2018-02-16,0105,T,100,6.0NRT,291.6,348.2,N
-13.316,-43.266,344.3,1.9,1.3,2018-02-16,0105,T,100,6.0NRT,289.2,126.2,N
-38.196,-61.957,339.2,1.6,1.2,2018-02-16,0240,T,100,6.0NRT,297.5,80.2,N
-38.198,-61.976,359.6,1.6,1.2,2018-02-16,0240,T,100,6.0NRT,299.9,166.2,N
-38.185,-61.957,360,1.6,1.2,2018-02-16,0240,T,100,6.0NRT,298.3,167,N
-38.187,-61.977,390.6,1.6,1.2,2018-02-16,0240,T,100,6.0NRT,307,396.5,N
-38.188,-61.996,348.3,1.6,1.2,2018-02-16,0240,T,100,6.0NRT,298.3,113.3,N
-38.198,-61.962,337.6,1.6,1.2,2018-02-16,0240,T,100,6.0NRT,298.2,74,N
-38.2,-61.981,329.3,1.6,1.2,2018-02-16,0240,T,100,6.0NRT,297.3,51.4,N
-38.187,-61.963,380.5,1.6,1.2,2018-02-16,0240,T,100,6.0NRT,302.3,302.9,N
-38.189,-61.982,381,1.6,1.2,2018-02-16,0240,T,100,6.0NRT,304.4,308.8,N
-38.19,-62.001,321.6,1.6,1.2,2018-02-16,0240,T,100,6.0NRT,296,33.9,N
-38.173,-61.943,320.6,1.6,1.2,2018-02-16,0240,T,100,6.0NRT,294.3,31.6,N
-38.175,-61.964,357.2,1.6,1.2,2018-02-16,0240,T,100,6.0NRT,297.8,150.1,N
-38.177,-61.983,382.4,1.6,1.2,2018-02-16,0240,T,100,6.0NRT,301.5,318.5,N
-38.164,-61.964,336.3,1.6,1.2,2018-02-16,0240,T,100,6.0NRT,294.2,68,N
-38.166,-61.985,347.4,1.6,1.2,2018-02-16,0240,T,100,6.0NRT,296.2,107.1,N
-38.17,-62.023,317,1.6,1.2,2018-02-16,0240,T,80,6.0NRT,295.2,24.7,N
-38.148,-61.913,312.3,1.6,1.2,2018-02-16,0240,T,33,6.0NRT,293.7,17.7,N
-38.154,-61.986,310.4,1.6,1.2,2018-02-16,0240,T,5,6.0NRT,294.1,14.6,N
-38.156,-62.005,308.5,1.6,1.2,2018-02-16,0240,T,17,6.0NRT,294.9,12.3,N
-38.158,-62.025,306.5,1.6,1.2,2018-02-16,0240,T,32,6.0NRT,294.7,10.2,N
-38.136,-61.915,325.3,1.6,1.2,2018-02-16,0240,T,100,6.0NRT,293.9,43,N
-38.127,-61.934,318.2,1.6,1.2,2018-02-16,0240,T,96,6.0NRT,293.4,29.2,N
-38.106,-61.956,301.8,1.6,1.2,2018-02-16,0240,T,19,6.0NRT,291.7,7.5,N
-38.101,-62.033,306.6,1.6,1.2,2018-02-16,0240,T,36,6.0NRT,295.4,11.1,N
-38.103,-62.051,308.5,1.6,1.2,2018-02-16,0240,T,60,6.0NRT,295.3,13.4,N
-38.103,-62.039,309.8,1.6,1.2,2018-02-16,0240,T,78,6.0NRT,295.8,16.7,N
-38.092,-62.039,321.6,1.6,1.2,2018-02-16,0240,T,100,6.0NRT,295.4,35.9,N
-38.094,-62.058,311.5,1.6,1.2,2018-02-16,0240,T,83,6.0NRT,294.4,18.1,N
-38.081,-62.041,330.3,1.6,1.2,2018-02-16,0240,T,100,6.0NRT,295.7,56.3,N
-33.376,-60.145,304.3,1.1,1.1,2018-02-16,0240,T,21,6.0NRT,292.8,5.5,N
-33.368,-60.159,306,1.1,1.1,2018-02-16,0240,T,56,6.0NRT,293.7,6.8,N
-33.26,-60.29,301.5,1.1,1.1,2018-02-16,0240,T,42,6.0NRT,289.2,5.2,N
-32.584,-57.304,305.9,1,1,2018-02-16,0240,T,65,6.0NRT,292.7,7,N
-29.678,-59.992,311.2,1,1,2018-02-16,0240,T,82,6.0NRT,293.5,9.7,N
-29.785,-61.509,305.1,1.2,1.1,2018-02-16,0240,T,63,6.0NRT,294.4,6.3,N
-29.323,-62.163,300.9,1.3,1.1,2018-02-16,0240,T,22,6.0NRT,284.4,6.9,N
-28.78,-58.337,308.1,1,1,2018-02-16,0240,T,74,6.0NRT,293.2,7.4,N
-26.874,-64.095,304.4,1.5,1.2,2018-02-16,0240,T,60,6.0NRT,293,8.5,N
-26.874,-64.101,305.1,1.5,1.2,2018-02-16,0240,T,63,6.0NRT,293.1,9.8,N
-26.116,-59.315,312.1,1,1,2018-02-16,0240,T,84,6.0NRT,294.5,10,N
-26.118,-59.325,303.9,1,1,2018-02-16,0240,T,58,6.0NRT,293.5,4.5,N
-25.362,-59.372,300.9,1,1,2018-02-16,0240,T,35,6.0NRT,287,3.2,N
-22.651,-60.671,317.4,1,1,2018-02-16,0245,T,95,6.0NRT,290.8,14.5,N
-22.653,-60.681,311,1,1,2018-02-16,0245,T,74,6.0NRT,290.6,9.2,N
-22.642,-60.672,307.7,1,1,2018-02-16,0245,T,72,6.0NRT,289,7.6,N
-22.644,-60.682,303.2,1,1,2018-02-16,0245,T,47,6.0NRT,288.7,4.8,N
-22.285,-60.875,319,1,1,2018-02-16,0245,T,98,6.0NRT,295.4,15.5,N
-22.286,-60.885,309.3,1,1,2018-02-16,0245,T,77,6.0NRT,295,7.5,N
-21.585,-58.681,314.5,1.1,1,2018-02-16,0245,T,89,6.0NRT,290.3,13,N
-21.578,-58.678,311.1,1.1,1,2018-02-16,0245,T,82,6.0NRT,290.1,10.6,N
-21.58,-58.689,305.1,1.1,1,2018-02-16,0245,T,63,6.0NRT,289.5,6.2,N
-21.27,-60.586,313.1,1,1,2018-02-16,0245,T,86,6.0NRT,292.5,10.2,N
-21.271,-60.596,307.4,1,1,2018-02-16,0245,T,60,6.0NRT,292.3,6.3,N
-21.254,-60.667,312.3,1,1,2018-02-16,0245,T,85,6.0NRT,292.1,9.9,N
-20.625,-60.833,306.3,1,1,2018-02-16,0245,T,68,6.0NRT,293.3,5.3,N
-20.616,-60.834,305.2,1,1,2018-02-16,0245,T,63,6.0NRT,293,4.5,N
-19.221,-57.866,306.6,1.2,1.1,2018-02-16,0245,T,39,6.0NRT,285.6,10.4,N
-44.719,-66.05,321.6,3.2,1.7,2018-02-16,0235,T,100,6.0NRT,294.2,98.6,N
-44.721,-66.091,328.6,3.3,1.7,2018-02-16,0235,T,100,6.0NRT,293.8,143.6,N
-44.725,-66.054,321.6,3.2,1.7,2018-02-16,0235,T,100,6.0NRT,294.3,101.3,N
-44.727,-66.095,323.8,3.3,1.7,2018-02-16,0235,T,100,6.0NRT,293.3,115.5,N
1.679,-60.869,302.7,1.6,1.3,2018-02-16,0250,T,51,6.0NRT,290.4,7.6,N
1.768,-60.887,308.7,1.6,1.3,2018-02-16,0250,T,75,6.0NRT,290.8,14.6,N
1.766,-60.902,309,1.6,1.3,2018-02-16,0250,T,76,6.0NRT,290.5,15.3,N
1.888,-60.291,304.3,1.8,1.3,2018-02-16,0250,T,59,6.0NRT,289.9,9.9,N
1.93,-60.386,328.5,1.8,1.3,2018-02-16,0250,T,100,6.0NRT,291.4,59.4,N
1.928,-60.402,307.7,1.8,1.3,2018-02-16,0250,T,66,6.0NRT,289,13.1,N
1.942,-60.388,305.2,1.8,1.3,2018-02-16,0250,T,22,6.0NRT,290.5,9.4,N
2.528,-59.748,311.8,2.1,1.4,2018-02-16,0250,T,83,6.0NRT,290.4,24.3,N
2.53,-59.755,307.8,2.1,1.4,2018-02-16,0250,T,73,6.0NRT,290.4,16.3,N
2.706,-73.257,301.1,2.7,1.6,2018-02-16,0250,T,9,6.0NRT,284.6,23,N
2.901,-72.514,304.1,2.3,1.5,2018-02-16,0250,T,58,6.0NRT,282.1,19.3,N
2.807,-73.152,307.1,2.6,1.6,2018-02-16,0250,T,70,6.0NRT,285.5,30.3,N
2.901,-72.499,301.4,2.3,1.5,2018-02-16,0250,T,41,6.0NRT,283.4,14,N
2.798,-73.157,307,2.6,1.6,2018-02-16,0250,T,70,6.0NRT,285.6,30.1,N
3.52,-72.042,303.5,2.1,1.4,2018-02-16,0250,T,41,6.0NRT,288.7,13,N
3.517,-72.06,315.7,2.1,1.4,2018-02-16,0250,T,92,6.0NRT,288.9,39.3,N
3.521,-72.048,308.3,2.1,1.4,2018-02-16,0250,T,74,6.0NRT,289,22.7,N
3.518,-72.067,314.4,2.1,1.4,2018-02-16,0250,T,89,6.0NRT,288.7,37,N
5.043,-69.923,309.5,1.4,1.2,2018-02-16,0250,T,54,6.0NRT,285.5,13.9,N
4.806,-72.027,302.1,2,1.4,2018-02-16,0250,T,47,6.0NRT,288.2,10.7,N
5.102,-70.097,306.6,1.4,1.2,2018-02-16,0250,T,67,6.0NRT,292.2,7.9,N
5.097,-70.102,308.5,1.4,1.2,2018-02-16,0250,T,75,6.0NRT,292.7,10.4,N
4.797,-72.032,302.5,2,1.4,2018-02-16,0250,T,49,6.0NRT,288.4,11.3,N
5.078,-70.295,304.4,1.5,1.2,2018-02-16,0250,T,17,6.0NRT,289.7,9.6,N
5.22,-71.469,307.9,1.8,1.3,2018-02-16,0250,T,73,6.0NRT,290.4,16.8,N
5.464,-70.182,306.3,1.4,1.2,2018-02-16,0250,T,67,6.0NRT,292,9.3,N
5.47,-71.64,301.4,1.8,1.3,2018-02-16,0250,T,41,6.0NRT,289.8,9.4,N
5.884,-69.081,303.5,1.2,1.1,2018-02-16,0250,T,33,6.0NRT,279.7,8.3,N
5.874,-69.568,312.3,1.3,1.1,2018-02-16,0250,T,85,6.0NRT,293.3,13.3,N
5.867,-69.613,304.4,1.3,1.1,2018-02-16,0250,T,60,6.0NRT,292.8,5.9,N
5.909,-69.539,306.7,1.3,1.1,2018-02-16,0250,T,69,6.0NRT,293.4,7.9,N
6.005,-70.067,302.6,1.4,1.2,2018-02-16,0250,T,50,6.0NRT,291.1,6.2,N
6.263,-69.093,315.6,1.2,1.1,2018-02-16,0250,T,92,6.0NRT,292.8,15.2,N
6.262,-69.104,309,1.2,1.1,2018-02-16,0250,T,76,6.0NRT,292.4,8.8,N
6.275,-69.084,304.5,1.2,1.1,2018-02-16,0250,T,34,6.0NRT,291.6,5.2,N
6.273,-69.094,321,1.2,1.1,2018-02-16,0250,T,100,6.0NRT,291.5,21.7,N
6.277,-69.884,305.7,1.3,1.1,2018-02-16,0250,T,63,6.0NRT,291.5,8.1,N
6.287,-69.885,303.4,1.3,1.1,2018-02-16,0250,T,32,6.0NRT,291.2,6.1,N
6.845,-67.274,307.2,1,1,2018-02-16,0250,T,71,6.0NRT,281.4,7.4,N
6.843,-67.283,310.9,1,1,2018-02-16,0250,T,81,6.0NRT,282.9,10.1,N
6.603,-70.091,306.9,1.3,1.1,2018-02-16,0250,T,70,6.0NRT,291.7,9.1,N
6.614,-70.092,305,1.3,1.1,2018-02-16,0250,T,63,6.0NRT,291.3,7.3,N
7.245,-66.278,316.2,1,1,2018-02-16,0250,T,93,6.0NRT,291.1,12.9,N
7.826,-68.954,305.3,1.1,1.1,2018-02-16,0250,T,64,6.0NRT,290.8,7.7,N
7.638,-70.219,301.9,1.3,1.1,2018-02-16,0250,T,45,6.0NRT,290.8,5.1,N
7.637,-70.231,302.5,1.3,1.1,2018-02-16,0250,T,50,6.0NRT,291.1,5.7,N
7.858,-68.966,303.7,1.1,1.1,2018-02-16,0250,T,57,6.0NRT,290.5,6.2,N
7.892,-69.482,303.5,1.2,1.1,2018-02-16,0250,T,55,6.0NRT,291,6.5,N
8.489,-66.526,306.8,1,1,2018-02-16,0250,T,36,6.0NRT,292.7,6.4,N
8.487,-66.535,309.7,1,1,2018-02-16,0250,T,52,6.0NRT,293,8.5,N
8.44,-67.768,319,1,1,2018-02-16,0250,T,98,6.0NRT,293.6,14.8,N
8.439,-67.777,319.1,1,1,2018-02-16,0250,T,98,6.0NRT,293.4,14.8,N
8.529,-67.209,321.3,1,1,2018-02-16,0250,T,100,6.0NRT,294.1,17.1,N
8.528,-67.218,303.6,1,1,2018-02-16,0250,T,56,6.0NRT,293.5,3.4,N
8.45,-67.761,312.1,1,1,2018-02-16,0250,T,84,6.0NRT,293.2,9.1,N
8.449,-67.77,305.4,1,1,2018-02-16,0250,T,62,6.0NRT,292.9,4.2,N
8.445,-67.797,303.8,1,1,2018-02-16,0250,T,55,6.0NRT,293,3.8,N
8.444,-67.806,323.7,1,1,2018-02-16,0250,T,100,6.0NRT,293.6,20.2,N
8.442,-67.815,313.6,1,1,2018-02-16,0250,T,87,6.0NRT,293.2,10.6,N
8.671,-67.38,309.9,1,1,2018-02-16,0250,T,78,6.0NRT,293.2,8.2,N
8.68,-67.381,310.6,1,1,2018-02-16,0250,T,80,6.0NRT,292.7,8.1,N
8.708,-67.248,309.3,1,1,2018-02-16,0250,T,77,6.0NRT,292.9,7.4,N
8.55,-68.345,302,1,1,2018-02-16,0250,T,46,6.0NRT,291.9,3.5,N
8.72,-67.231,303.5,1,1,2018-02-16,0250,T,36,6.0NRT,292.2,3.4,N
8.684,-68.057,303.4,1,1,2018-02-16,0250,T,55,6.0NRT,292.6,3.9,N
8.683,-68.31,311.4,1,1,2018-02-16,0250,T,82,6.0NRT,290.5,11.6,N
9.014,-66.842,305.7,1,1,2018-02-16,0250,T,65,6.0NRT,292.6,5.3,N
8.857,-68.256,302,1,1,2018-02-16,0250,T,46,6.0NRT,291.3,4.4,N
8.84,-68.883,306.6,1.1,1,2018-02-16,0250,T,69,6.0NRT,291.3,6.9,N
8.838,-68.892,303.7,1.1,1,2018-02-16,0250,T,57,6.0NRT,291.3,5,N
8.85,-69.005,303.4,1.1,1,2018-02-16,0250,T,55,6.0NRT,292.1,3.9,N
8.857,-69.001,305.2,1.1,1,2018-02-16,0250,T,63,6.0NRT,292.2,5.7,N
9.624,-63.726,313,1.4,1.2,2018-02-16,0250,T,86,6.0NRT,285.7,19,N
9.649,-63.616,306.1,1.4,1.2,2018-02-16,0250,T,55,6.0NRT,283.3,12.2,N
9.647,-63.628,310.9,1.4,1.2,2018-02-16,0250,T,81,6.0NRT,282.9,17.2,N
9.659,-63.618,301.7,1.4,1.2,2018-02-16,0250,T,32,6.0NRT,283.3,7.8,N
9.658,-63.63,303.6,1.4,1.2,2018-02-16,0250,T,47,6.0NRT,283.2,9.7,N
9.797,-63.592,301.4,1.4,1.2,2018-02-16,0250,T,39,6.0NRT,288.9,6.4,N
9.131,-69.401,303.7,1.1,1.1,2018-02-16,0250,T,31,6.0NRT,290,6,N
9.877,-67.123,306,1,1,2018-02-16,0250,T,59,6.0NRT,292,5.3,N
9.876,-67.132,317.9,1,1,2018-02-16,0250,T,96,6.0NRT,292.6,14.6,N
9.886,-67.124,303.1,1,1,2018-02-16,0250,T,23,6.0NRT,291.8,3.7,N
9.884,-67.133,320.2,1,1,2018-02-16,0250,T,100,6.0NRT,292.1,16.9,N
10.086,-73.426,302.9,2.1,1.4,2018-02-16,0250,T,52,6.0NRT,292.6,9.5,N
10.088,-73.432,304.5,2.1,1.4,2018-02-16,0250,T,60,6.0NRT,292.7,11.4,N
10.2,-73.704,302.4,2.1,1.4,2018-02-16,0250,T,49,6.0NRT,290.9,11.7,N
11.63,-70.224,306.6,1.2,1.1,2018-02-16,0250,T,46,6.0NRT,292.6,7.6,N
11.737,-70.194,327.2,1.2,1.1,2018-02-16,0250,T,100,6.0NRT,293.4,30.6,N
11.736,-70.204,327.1,1.2,1.1,2018-02-16,0250,T,100,6.0NRT,293.4,30.6,N
-44.717,-66.067,323.3,3.2,1.7,2018-02-16,0415,T,100,6.0NRT,293.2,113.9,N
-13.307,-43.246,324.2,1.1,1.1,2018-02-16,0410,A,100,6.0NRT,293.5,25.2,N
-13.309,-43.235,337,1.1,1.1,2018-02-16,0410,A,100,6.0NRT,293.9,44.7,N
-13.313,-43.268,310.6,1.1,1.1,2018-02-16,0410,A,80,6.0NRT,292.4,11,N
-13.315,-43.257,354.5,1.1,1.1,2018-02-16,0410,A,100,6.0NRT,295.4,84.6,N
-13.316,-43.247,338,1.1,1.1,2018-02-16,0410,A,100,6.0NRT,292.5,46.5,N
-13.318,-43.237,336.1,1.1,1.1,2018-02-16,0410,A,100,6.0NRT,292.2,43.3,N
-13.295,-46.324,302.7,1.7,1.3,2018-02-16,0410,A,51,6.0NRT,292.7,11.5,N
12.207,-86.059,304.8,2.2,1.4,2018-02-16,0430,T,62,6.0NRT,292.4,15.6,N
12.586,-86.881,305.3,1.9,1.4,2018-02-16,0430,T,57,6.0NRT,292.7,13.9,N
12.59,-86.888,304.2,1.9,1.4,2018-02-16,0430,T,59,6.0NRT,292.7,13.3,N
12.778,-87.339,304.7,1.8,1.3,2018-02-16,0430,T,61,6.0NRT,294.5,9.4,N
10.18,-61.688,302,1,1,2018-02-16,0545,A,46,6.0NRT,289.7,4.4,N
10.059,-64.887,304.2,1.5,1.2,2018-02-16,0545,A,23,6.0NRT,288.5,11.2,N
10.057,-64.874,304.1,1.5,1.2,2018-02-16,0545,A,22,6.0NRT,289.5,10.1,N
10.055,-64.861,319.2,1.5,1.2,2018-02-16,0545,A,98,6.0NRT,288.8,29.5,N
8.679,-67.381,303.7,2.1,1.4,2018-02-16,0545,A,57,6.0NRT,289.7,14.6,N
8.678,-67.369,302.9,2.1,1.4,2018-02-16,0545,A,52,6.0NRT,289.8,14.4,N
8.442,-67.76,301.6,2.3,1.5,2018-02-16,0545,A,43,6.0NRT,289.6,11.6,N
7.856,-68.96,300.1,2.8,1.6,2018-02-16,0545,A,16,6.0NRT,288.4,16.2,N
5.92,-69.099,305,2.6,1.6,2018-02-16,0545,A,36,6.0NRT,280.5,23.2,N
5.906,-69.1,303.6,2.6,1.6,2018-02-16,0545,A,14,6.0NRT,281.4,20.4,N
5.913,-69.105,305.2,2.6,1.6,2018-02-16,0545,A,28,6.0NRT,280,23.9,N
5.833,-69.139,307.7,2.7,1.6,2018-02-16,0545,A,72,6.0NRT,281.6,33.4,N
3.48,-60.737,303.5,1.1,1,2018-02-16,0545,A,56,6.0NRT,289.6,4.8,N
4.552,-72.121,302.8,4.3,1.9,2018-02-16,0545,A,16,6.0NRT,280.3,61.4,N
2.532,-59.741,301.6,1.2,1.1,2018-02-16,0545,A,30,6.0NRT,288.8,4,N
1.937,-60.403,306.7,1.1,1.1,2018-02-16,0545,A,63,6.0NRT,287.5,7.9,N
1.936,-60.392,310,1.1,1.1,2018-02-16,0545,A,75,6.0NRT,284.1,10.6,N
1.934,-60.382,312.2,1.1,1.1,2018-02-16,0545,A,79,6.0NRT,281.6,12.8,N
1.933,-60.372,301.9,1.1,1.1,2018-02-16,0545,A,11,6.0NRT,280.7,5.3,N
1.234,-60.081,316.6,1.2,1.1,2018-02-16,0545,A,94,6.0NRT,292,17.3,N
1.157,-60.045,308.4,1.2,1.1,2018-02-16,0545,A,74,6.0NRT,290.9,9.7,N
-22.642,-60.662,300.7,2.4,1.5,2018-02-16,0550,A,31,6.0NRT,289.1,13.9,N
-22.65,-60.67,301.1,2.4,1.5,2018-02-16,0550,A,38,6.0NRT,289.2,14.2,N
-23.826,-70.312,302.9,1.1,1,2018-02-16,0550,A,52,6.0NRT,288.9,8.6,N
-27.412,-70.267,303.3,1,1,2018-02-16,0555,A,55,6.0NRT,289.2,7.2,N
-27.413,-70.257,306.8,1,1,2018-02-16,0555,A,69,6.0NRT,289.4,9.4,N
-32.799,-70.946,303.6,1,1,2018-02-16,0555,A,56,6.0NRT,287,7.9,N
-34.102,-70.46,300.9,1,1,2018-02-16,0555,A,35,6.0NRT,286.9,6.2,N
-34.104,-70.449,304,1,1,2018-02-16,0555,A,58,6.0NRT,287.7,8,N
-38.112,-62.062,300.1,2.9,1.6,2018-02-16,0555,A,16,6.0NRT,271.4,27.7,N
12.846,-87.264,305.9,1.1,1.1,2018-02-16,0720,A,66,6.0NRT,294.8,6.8,N
12.214,-86.058,308.3,1,1,2018-02-16,0720,A,74,6.0NRT,293.6,7.7,N
11.99,-86.169,320.3,1,1,2018-02-16,0720,A,100,6.0NRT,290.8,18.7,N
11.989,-86.159,311.4,1,1,2018-02-16,0720,A,83,6.0NRT,290.4,10.8,N
11.982,-86.167,321.6,1,1,2018-02-16,0720,A,100,6.0NRT,290.3,20.4,N
10.375,-85.634,308.5,1,1,2018-02-16,0720,A,75,6.0NRT,293.5,7.3,N
10.374,-85.625,303.7,1,1,2018-02-16,0720,A,56,6.0NRT,293.6,4.2,N
